{
    "Source: ./data/3DMatch/rgbd-scenes-v2-scene_10/cloud_bin_2.ply; Target: ./data/3DMatch/rgbd-scenes-v2-scene_10/cloud_bin_0.ply": {
        "voxel: 0.05": {
            "run: 0": {
                "preprocess": 0.20045858400408179,
                "RANSAC": 0.206195916980505,
                "Fast Global Registration": 0.0910912910476327,
                "RANSAC -> ICP_Point": 0.021449082996696234,
                "RANSAC -> ICP_Plane": 0.01573916699271649,
                "Fast Global Registration -> ICP_Point": 0.016959291009698063,
                "Fast Global Registration -> ICP_Plane": 0.020568584033753723
            }
        }
    },
    "Source: ./data/3DMatch/rgbd-scenes-v2-scene_10/cloud_bin_3.ply; Target: ./data/3DMatch/rgbd-scenes-v2-scene_10/cloud_bin_1.ply": {
        "voxel: 0.05": {
            "run: 0": {
                "preprocess": 0.08357337495544925,
                "RANSAC": 0.18605312501313165,
                "Fast Global Registration": 0.13756808295147493,
                "RANSAC -> ICP_Point": 0.01955770904896781,
                "RANSAC -> ICP_Plane": 0.021705958002712578,
                "Fast Global Registration -> ICP_Point": 0.02038474997971207,
                "Fast Global Registration -> ICP_Plane": 0.012636583007406443
            }
        }
    },
    "Source: ./data/3DMatch/rgbd-scenes-v2-scene_10/cloud_bin_4.ply; Target: ./data/3DMatch/rgbd-scenes-v2-scene_10/cloud_bin_2.ply": {
        "voxel: 0.05": {
            "run: 0": {
                "preprocess": 0.08915749995503575,
                "RANSAC": 0.2200660840026103,
                "Fast Global Registration": 0.17637691705022007,
                "RANSAC -> ICP_Point": 0.022231083014048636,
                "RANSAC -> ICP_Plane": 0.023270541976671666,
                "Fast Global Registration -> ICP_Point": 0.024763708002865314,
                "Fast Global Registration -> ICP_Plane": 0.023884541995357722
            }
        }
    },
    "Source: ./data/3DMatch/rgbd-scenes-v2-scene_10/cloud_bin_8.ply; Target: ./data/3DMatch/rgbd-scenes-v2-scene_10/cloud_bin_6.ply": {
        "voxel: 0.05": {
            "run: 0": {
                "preprocess": 0.07119679101742804,
                "RANSAC": 0.2714287079870701,
                "Fast Global Registration": 0.08816041698446497,
                "RANSAC -> ICP_Point": 0.016036708024330437,
                "RANSAC -> ICP_Plane": 0.0157984999823384,
                "Fast Global Registration -> ICP_Point": 0.014193249982781708,
                "Fast Global Registration -> ICP_Plane": 0.02957750001223758
            }
        }
    }
}